{"_wandb":{"runtime":376},"train_steps_per_second":0.083,"_timestamp":1.7429425582013552e+09,"total_flos":1.3743518080303104e+16,"train_loss":1.1343770697712898,"_step":3,"train/epoch":2,"train/grad_norm":1.050803542137146,"train/loss":0.9779,"train/global_step":32,"train/learning_rate":1.253604390908819e-07,"train_samples_per_second":1.311,"train_runtime":384.4647,"_runtime":374.674489947}