{
    "epoch": 3.0,
    "total_flos": 3.607984455077069e+16,
    "train_loss": 1.025777084350586,
    "train_runtime": 1010.7757,
    "train_samples_per_second": 2.968,
    "train_steps_per_second": 0.371
}